<?xml version="1.0" encoding="UTF-8"?>
<project-private xmlns="http://www.netbeans.org/ns/project-private/1">
    <editor-bookmarks xmlns="http://www.netbeans.org/ns/editor-bookmarks/2" lastBookmarkId="0"/>
    <open-files xmlns="http://www.netbeans.org/ns/projectui-open-files/2">
        <group>
            <file>file:/Users/seona/NetBeansProjects/Assignment2/src/model/Encounter.java</file>
            <file>file:/Users/seona/NetBeansProjects/Assignment2/src/model/AppSystem.java</file>
            <file>file:/Users/seona/NetBeansProjects/Assignment2/src/ui/SystemAdmin.java</file>
            <file>file:/Users/seona/NetBeansProjects/Assignment2/src/model/CommunityDirectory.java</file>
            <file>file:/Users/seona/NetBeansProjects/Assignment2/src/ui/CommunityAdmin.java</file>
            <file>file:/Users/seona/NetBeansProjects/Assignment2/src/model/HospitalDirectory.java</file>
            <file>file:/Users/seona/NetBeansProjects/Assignment2/src/model/Doctor.java</file>
            <file>file:/Users/seona/NetBeansProjects/Assignment2/src/ui/PatientPanel.java</file>
            <file>file:/Users/seona/NetBeansProjects/Assignment2/src/model/Person.java</file>
            <file>file:/Users/seona/NetBeansProjects/Assignment2/src/ui/HospitalAdmin.java</file>
            <file>file:/Users/seona/NetBeansProjects/Assignment2/src/ui/MainJFrame.java</file>
            <file>file:/Users/seona/NetBeansProjects/Assignment2/src/model/Community.java</file>
            <file>file:/Users/seona/NetBeansProjects/Assignment2/src/model/City.java</file>
            <file>file:/Users/seona/NetBeansProjects/Assignment2/src/model/House.java</file>
            <file>file:/Users/seona/NetBeansProjects/Assignment2/src/model/Hospital.java</file>
            <file>file:/Users/seona/NetBeansProjects/Assignment2/src/model/Patient.java</file>
            <file>file:/Users/seona/NetBeansProjects/Assignment2/src/ui/DoctorPanel.java</file>
        </group>
    </open-files>
</project-private>
