<?xml version="1.0" encoding="UTF-8"?>
<project-private xmlns="http://www.netbeans.org/ns/project-private/1">
    <editor-bookmarks xmlns="http://www.netbeans.org/ns/editor-bookmarks/2" lastBookmarkId="0"/>
    <open-files xmlns="http://www.netbeans.org/ns/projectui-open-files/2">
        <group>
            <file>file:/Users/seona/NetBeansProjects/Assignment1/src/model/EmployeeProfiles.java</file>
            <file>file:/Users/seona/NetBeansProjects/Assignment1/src/ui/CreateJPanel.java</file>
            <file>file:/Users/seona/NetBeansProjects/Assignment1/src/ui/MainJFrame.java</file>
            <file>file:/Users/seona/NetBeansProjects/Assignment1/src/ui/ViewJPanel.java</file>
        </group>
    </open-files>
</project-private>
